,id,length,width,height,weight_limit,volume,fitness
0,U5,244,318,285,3500,22113720,1.2273811657368539
1,U6,244,318,285,3500,22113720,1.2273811657368539
2,U3,244,318,244,2800,18932448,1.017317718927501
3,U4,244,318,244,2800,18932448,1.017317718927501
4,U1,224,318,162,2500,11539584,0.7553011153356453
5,U2,224,318,162,2500,11539584,0.7553011153356453
